{"cameraMode":{"drawMode":0,"name":"Shaded","section":"Shading Mode"},"sceneLighting":true,"audioPlay":false,"sceneViewState":{"m_AlwaysRefresh":false,"showFog":true,"showSkybox":true,"showFlares":true,"showImageEffects":true,"showParticleSystems":true,"showVisualEffectGraphs":true,"m_FxEnabled":true},"in2DMode":false,"pivot":{"x":-3.268219470977783,"y":-2.098538875579834,"z":11.536736488342286},"rotation":{"x":0.35730329155921938,"y":0.14649935066699983,"z":-0.05685434862971306,"w":0.9206728339195252},"size":161.70681762695313,"orthographic":true}